<?xml version="1.0" encoding="UTF-8"?>
<project-private xmlns="http://www.netbeans.org/ns/project-private/1">
    <editor-bookmarks xmlns="http://www.netbeans.org/ns/editor-bookmarks/2" lastBookmarkId="0"/>
    <open-files xmlns="http://www.netbeans.org/ns/projectui-open-files/2">
        <group>
            <file>file:/D:/Save%20to/Vedagiri/addBook%20Java/AddressBook%20MVC%20java/src/mvc/dao/AddressBookDAO.java</file>
            <file>file:/D:/Save%20to/Vedagiri/addBook%20Java/AddressBook%20MVC%20java/src/mvc/controller/AddressBookController.java</file>
            <file>file:/D:/Save%20to/Vedagiri/addBook%20Java/AddressBook%20MVC%20java/src/mvc/util/DBConnection.java</file>
            <file>file:/D:/Save%20to/Vedagiri/addBook%20Java/AddressBook%20MVC%20java/src/mvc/dao/AddressBookDAOImplementation.java</file>
        </group>
    </open-files>
</project-private>
